Austin Scholp	scholp@wisc.edu
Ben Bremer	bbremer@wisc.edu
David Piotrowski	dpiotrowski@wisc.edu
Colin Schrof	schrof@wisc.edu
Colten DeMorrett	demorett@wisc.edu
Boquan Liu	bliu243@wisc.edu
Calvin Hedberg	cdhedberg@wisc.edu
Noah Borchardt	borchn60@uwosh.edu
Ally Pulvermacher	acpulvermach@wisc.edu
Ally Pulvermacher	acpulvermach@wisc.edu
Evan Polce	polce@wisc.edu
